gsis_id,display_name,position,fantasy_ppg,n_games,replacement_ppg,vor,boom_prob,bust_prob,ex_value
00-0033280,Christian McCaffrey,RB,24.50588235294118,17,12.129411764705884,12.376470588235295,0.05537315074262093,0.944626849257379,12.47721715014525
00-0039075,Puka Nacua,WR,23.4375,16,12.479999999999999,10.957500000000001,0.13307044306312543,0.8669295569368746,11.206607869414173
00-0038542,Bijan Robinson,RB,21.811764705882354,17,12.129411764705884,9.68235294117647,0.14199749144807206,0.858002508551928,9.940704847675816
00-0039139,Jahmyr Gibbs,RB,21.582352941176474,17,12.129411764705884,9.45294117647059,0.0777634458891714,0.9222365541108286,9.594424904785418
00-0037744,Trey McBride,TE,22.288235294117648,17,12.847058823529412,9.441176470588236,,,
00-0036223,Jonathan Taylor,RB,21.311764705882354,17,12.129411764705884,9.18235294117647,0.05535318646729715,0.9446468135327029,9.283063179849028
00-0038543,Jaxon Smith-Njigba,WR,21.17058823529412,17,12.479999999999999,8.69058823529412,0.15051396519648932,0.8494860348035107,8.972350378141948
00-0039040,De'Von Achane,RB,20.175,16,12.129411764705884,8.045588235294117,0.12582911087351925,0.8741708891264808,8.274523199959878
00-0036900,Ja'Marr Chase,WR,19.6,16,12.479999999999999,7.120000000000003,0.11786081916834254,0.8821391808316574,7.34063545348314
00-0036963,Amon-Ra St. Brown,WR,19.058823529411764,17,12.479999999999999,6.578823529411766,0.09600455563175744,0.9039954443682425,6.758544057554416
00-0039067,Rashee Rice,WR,18.7625,8,12.479999999999999,6.282500000000001,0.1123347412901041,0.8876652587098959,6.4927906356950755
00-0037248,James Cook,RB,17.7764705882353,17,12.129411764705884,5.647058823529415,0.10327743284344118,0.8967225671565588,5.834962999873394
00-0034857,Josh Allen,QB,26.53875,16,21.520000000000003,5.018749999999997,0.08306889430185223,0.9169311056981477,5.286896390806376
00-0026498,Matthew Stafford,QB,26.492941176470588,17,21.520000000000003,4.972941176470584,0.04642015308061835,0.9535798469193817,5.122785430614821
00-0037247,George Pickens,WR,17.170588235294115,17,12.479999999999999,4.690588235294117,0.13357460365564178,0.8664253963443582,4.940639893337478
00-0039338,Brock Bowers,TE,17.349999999999998,12,12.847058823529412,4.502941176470586,,,
00-0038597,Chase Brown,RB,16.623529411764707,17,12.129411764705884,4.4941176470588236,0.14226801230441405,0.857731987695586,4.752961742386796
00-0033288,George Kittle,TE,17.272727272727273,11,12.847058823529412,4.425668449197861,,,
00-0037238,Drake London,WR,16.825,12,12.479999999999999,4.345000000000001,0.12057202942917494,0.879427970570825,4.570710839091416
00-0037239,Chris Olave,WR,16.8125,16,12.479999999999999,4.332500000000001,0.12232674034075651,0.8776732596592435,4.561495657917898
00-0032764,Derrick Henry,RB,16.441176470588236,17,12.129411764705884,4.311764705882352,0.058361138632907046,0.941638861367093,4.417947648112694
00-0040715,Cam Skattebo,RB,15.9625,8,12.129411764705884,3.8330882352941167,0.11448853601894075,0.8855114639810593,4.041390024650931
00-0038996,Tucker Kraft,TE,16.65,8,12.847058823529412,3.8029411764705863,,,
00-0037834,Brock Purdy,QB,25.264444444444443,9,21.520000000000003,3.74444444444444,0.07452490358621701,0.925475096413783,3.9850108332207483
00-0035700,Josh Jacobs,RB,15.806666666666668,15,12.129411764705884,3.6772549019607847,0.07173923430137112,0.9282607656986289,3.8077781088396914
00-0031381,Davante Adams,WR,15.921428571428573,14,12.479999999999999,3.441428571428574,0.016372840351846826,0.9836271596481532,3.472078528567231
00-0037840,Kyren Williams,RB,15.488235294117647,17,12.129411764705884,3.3588235294117634,0.11632834305307907,0.883671656946921,3.570472685331277
00-0039851,Drake Maye,QB,24.821176470588238,17,21.520000000000003,3.301176470588235,0.13241716722891952,0.8675828327710805,3.7286190864031874
00-0036997,Javonte Williams,RB,15.175,16,12.129411764705884,3.045588235294117,0.10223650084224072,0.8977634991577593,3.2315985277088526
00-0036358,CeeDee Lamb,WR,15.453846153846154,13,12.479999999999999,2.9738461538461554,0.1407642919400794,0.8592357080599207,3.237356908357984
00-0040666,Omarion Hampton,RB,15.077777777777776,9,12.129411764705884,2.948366013071892,0.18250396450577067,0.8174960354942293,3.280415873199156
00-0033873,Patrick Mahomes,QB,24.334285714285716,14,21.520000000000003,2.814285714285713,0.11967661557846991,0.8803233844215301,3.200601829373014
00-0036973,Travis Etienne,RB,14.935294117647059,17,12.129411764705884,2.8058823529411754,0.1061054905169555,0.8938945094830445,2.9989319306876125
00-0036554,Nico Collins,WR,15.080000000000002,15,12.479999999999999,2.600000000000003,0.11977297509283953,0.8802270249071604,2.8242150093737988
00-0036971,Trevor Lawrence,QB,24.01058823529412,17,21.520000000000003,2.4905882352941155,0.10146570103506683,0.8985342989649332,2.8181195182353114
00-0034844,Saquon Barkley,RB,14.51875,16,12.129411764705884,2.389338235294117,0.12049914565605892,0.8795008543439411,2.6085757985377582
00-0040122,Ashton Jeanty,RB,14.41764705882353,17,12.129411764705884,2.288235294117646,0.17885328232000783,0.8211467176799921,2.6136430601269307
00-0035676,A.J. Brown,WR,14.686666666666667,15,12.479999999999999,2.2066666666666688,0.08595353627231182,0.9140464637276882,2.3675716865684366
00-0036275,D'Andre Swift,RB,14.2875,16,12.129411764705884,2.158088235294116,0.12235346768154785,0.8776465323184521,2.380699573846485
00-0036970,Kyle Pitts,TE,14.988235294117647,17,12.847058823529412,2.141176470588235,,,
00-0039064,Zay Flowers,WR,14.311764705882354,17,12.479999999999999,1.831764705882355,0.18982001765782222,0.8101799823421778,2.187107778937798
00-0039337,Malik Nabers,WR,14.275,4,12.479999999999999,1.7950000000000017,0.17590295454081345,0.8240970454591865,2.1242903309004046
00-0037740,Garrett Wilson,WR,14.214285714285714,7,12.479999999999999,1.7342857142857149,0.11670471611143886,0.8832952838885612,1.9527569428463283
00-0039361,Bucky Irving,RB,13.85,10,12.129411764705884,1.720588235294116,0.20643757415433844,0.7935624258456615,2.0961831863878624
00-0036410,Tee Higgins,WR,14.106666666666666,15,12.479999999999999,1.626666666666667,0.06891856573276124,0.9310814342672388,1.7556822217183958
00-0034351,Dallas Goedert,TE,14.34,15,12.847058823529412,1.4929411764705875,,,
00-0037228,Jaylen Warren,RB,13.56875,16,12.129411764705884,1.439338235294116,0.16143089411043787,0.8385691058895621,1.7330475032256363
00-0039065,Sam LaPorta,TE,14.100000000000001,9,12.847058823529412,1.2529411764705891,,,
00-0038117,Wan'Dale Robinson,WR,13.61875,16,12.479999999999999,1.1387500000000017,0.1788256804394942,0.8211743195605058,1.4735116737827347
00-0033077,Dak Prescott,QB,22.575294117647058,17,21.520000000000003,1.0552941176470547,0.13463537117643368,0.8653646288235664,1.4898970958045827
00-0040663,Harold Fannin Jr.,TE,13.9,16,12.847058823529412,1.052941176470588,,,
00-0038120,Breece Hall,RB,13.10375,16,12.129411764705884,0.9743382352941161,0.1953589631171526,0.8046410368828474,1.3297766311302062
00-0033040,Tyreek Hill,WR,13.375,4,12.479999999999999,0.8950000000000014,0.07058169260063979,0.9294183073993603,1.027128928548399
00-0036919,Kenny Gainwell,RB,13.01764705882353,17,12.129411764705884,0.8882352941176457,0.15865071653280577,0.8413492834671943,1.1768862742564505
00-0039918,Caleb Williams,QB,22.334117647058825,17,21.520000000000003,0.8141176470588221,0.1532285154995805,0.8467714845004195,1.308739295091468
00-0036389,Jalen Hurts,QB,22.31625,16,21.520000000000003,0.796249999999997,0.1184137786580073,0.8815862213419927,1.1784896775080447
00-0038124,Christian Watson,WR,13.24,10,12.479999999999999,0.7600000000000016,0.11722684533380581,0.8827731546661942,0.9794486544648859
00-0030506,Travis Kelce,TE,13.600000000000001,17,12.847058823529412,0.7529411764705891,,,
00-0038544,Quentin Johnston,WR,13.169230769230769,13,12.479999999999999,0.68923076923077,0.13033187365977228,0.8696681263402277,0.9332120367218637
00-0036875,Rhamondre Stevenson,RB,12.771428571428572,14,12.129411764705884,0.6420168067226886,0.12877708849110536,0.8712229115088946,0.8763153565479762
00-0038041,Jake Ferguson,TE,13.476470588235294,17,12.847058823529412,0.6294117647058819,,,
00-0036139,Rico Dowdle,RB,12.723529411764707,17,12.129411764705884,0.5941176470588232,0.16333027430213048,0.8366697256978695,0.8912826696567583
00-0038559,Michael Wilson,WR,12.976470588235294,17,12.479999999999999,0.49647058823529555,0.1685321696169787,0.8314678303830213,0.8119628097582796
00-0040128,Tyler Warren,TE,13.323529411764707,17,12.847058823529412,0.4764705882352942,,,
00-0036355,Justin Herbert,QB,21.9925,16,21.520000000000003,0.4724999999999966,0.15924155110062002,0.84075844889938,0.9865317269527981
00-0037240,Jameson Williams,WR,12.935294117647059,17,12.479999999999999,0.4552941176470604,0.15157898144605947,0.8484210185539405,0.7390499709140836
00-0034348,Courtland Sutton,WR,12.923529411764706,17,12.479999999999999,0.4435294117647075,0.07715907902982079,0.9228409209701792,0.587971207708532
00-0033106,Jared Goff,QB,21.94470588235294,17,21.520000000000003,0.4247058823529386,0.11655926673022597,0.883440733269774,0.8009591953581081
00-0036442,Joe Burrow,QB,21.682499999999997,8,21.520000000000003,0.16249999999999432,0.13651758510158826,0.8634824148984117,0.6031787647079212
00-0040124,Tetairoa McMillan,WR,12.552941176470588,17,12.479999999999999,0.0729411764705894,0.22512012311988397,0.7748798768801161,0.4943660469510121
00-0040730,RJ Harvey,RB,12.15294117647059,17,12.129411764705884,0.0235294117647058,0.14444527081288694,0.8555547291871131,0.28633483683779953
00-0034383,Dalton Schultz,TE,12.864705882352942,17,12.847058823529412,0.01764705882352935,,,
00-0039732,Bo Nix,QB,21.520000000000003,17,21.520000000000003,0.0,0.16013513296145973,0.8398648670385402,0.5169162091995921
00-0040734,TreVeyon Henderson,RB,12.129411764705884,17,12.129411764705884,0.0,0.17489769833573593,0.825102301664264,0.3182109299720184
00-0035640,DK Metcalf,WR,12.479999999999999,15,12.479999999999999,0.0,0.084259525497653,0.915740474502347,0.1577338317316064
00-0036040,Juwan Johnson,TE,12.847058823529412,17,12.847058823529412,0.0,,,
00-0040784,Quinshon Judkins,RB,12.12857142857143,14,12.129411764705884,-0.0008403361344537785,0.19201964700726393,0.8079803529927361,0.3485224686852329
00-0031588,Stefon Diggs,WR,12.370588235294118,17,12.479999999999999,-0.10941176470588054,0.06065883450842565,0.9393411654915743,0.004141573493892256
00-0037664,Alec Pierce,WR,12.22,15,12.479999999999999,-0.259999999999998,0.15464469336355527,0.8453553066364448,0.02949486597657741
00-0039919,Rome Odunze,WR,12.174999999999999,12,12.479999999999999,-0.3049999999999997,0.17230058790294783,0.8276994120970522,0.01754670055431856
00-0036613,Jaylen Waddle,WR,12.1325,16,12.479999999999999,-0.34749999999999837,0.13132845891400982,0.8686715410859902,-0.10165312491297199
00-0036158,J.K. Dobbins,RB,11.59,10,12.129411764705884,-0.5394117647058838,0.16725982681861612,0.8327401731813839,-0.23509726802942515
00-0035710,Daniel Jones,QB,20.956923076923076,13,21.520000000000003,-0.5630769230769275,0.16577297249877357,0.8342270275012265,-0.027961767850886332
00-0033090,Hunter Henry,TE,12.282352941176471,17,12.847058823529412,-0.564705882352941,,,
00-0036252,Michael Pittman,WR,11.905882352941177,17,12.479999999999999,-0.5741176470588218,0.1038817922468688,0.8961182077531312,-0.3796509319726835
00-0036912,DeVonta Smith,WR,11.870588235294116,17,12.479999999999999,-0.6094117647058823,0.15763328381207994,0.84236671618792,-0.31432225740966874
00-0036322,Justin Jefferson,WR,11.852941176470589,17,12.479999999999999,-0.6270588235294099,0.1556025245553265,0.8443974754446735,-0.3357708975618387
00-0038933,Dalton Kincaid,TE,12.133333333333333,12,12.847058823529412,-0.7137254901960794,,,
00-0040126,Colston Loveland,TE,12.13125,16,12.847058823529412,-0.7158088235294127,,,
00-0035719,Deebo Samuel Sr.,WR,11.762500000000001,16,12.479999999999999,-0.7174999999999976,0.09273070356147547,0.9072692964385245,-0.5439081229329155
00-0039165,Zach Charbonnet,RB,11.3375,16,12.129411764705884,-0.7919117647058833,0.1230638700284023,0.8769361299715976,-0.5680079117659725
00-0038134,Kenneth Walker III,RB,11.288235294117648,17,12.129411764705884,-0.8411764705882359,0.21241112749622842,0.7875888725037716,-0.4547131662671567
00-0036259,Jauan Jennings,WR,11.553333333333335,15,12.479999999999999,-0.9266666666666641,0.07947262743518714,0.9205273725648129,-0.7778939081079937
00-0040129,Emeka Egbuka,WR,11.511764705882353,17,12.479999999999999,-0.9682352941176458,0.23557207347545372,0.7644279265245463,-0.5272443725715964
00-0033553,James Conner,RB,11.100000000000001,3,12.129411764705884,-1.0294117647058822,0.09181868595529495,0.908181314044705,-0.8623557672589839
00-0035659,Terry McLaurin,WR,11.42,10,12.479999999999999,-1.0599999999999987,0.10600161777120676,0.8939983822287932,-0.8615649715322997
00-0038935,Brenton Strange,TE,11.75,12,12.847058823529412,-1.0970588235294123,,,
00-0039915,Ladd McConkey,WR,11.30625,16,12.479999999999999,-1.1737499999999983,0.19929709318609007,0.80070290681391,-0.8006658415556378
00-0035261,Tony Pollard,RB,10.929411764705883,17,12.129411764705884,-1.200000000000001,0.1838274218486126,0.8161725781513874,-0.8655422260130841
00-0030061,Zach Ertz,TE,11.646153846153847,13,12.847058823529412,-1.200904977375565,,,
00-0034796,Lamar Jackson,QB,20.29692307692308,13,21.520000000000003,-1.223076923076924,0.1750701578296564,0.8249298421703436,-0.6579504536027931
00-0039384,Tyrone Tracy Jr.,RB,10.72,15,12.129411764705884,-1.409411764705883,0.2486156230583326,0.7513843769416674,-0.9570775752238696
00-0033119,Jacoby Brissett,QB,20.102857142857143,14,21.520000000000003,-1.41714285714286,0.19077257362907882,0.8092274263709212,-0.8013289894681934
00-0034960,Jakobi Meyers,WR,10.9875,16,12.479999999999999,-1.492499999999998,0.12032784576208133,0.8796721542379187,-1.2672462727333818
00-0031610,Darren Waller,TE,11.18888888888889,9,12.847058823529412,-1.6581699346405223,,,
00-0038606,Parker Washington,WR,10.79375,16,12.479999999999999,-1.6862499999999994,0.1879239750368089,0.8120760249631911,-1.3344563187310932
00-0030279,Keenan Allen,WR,10.74705882352941,17,12.479999999999999,-1.7329411764705878,0.04029639220963077,0.9597036077903692,-1.657506330254159
00-0040691,Jaxson Dart,QB,19.755714285714284,14,21.520000000000003,-1.7642857142857196,0.2345341416179658,0.7654658583820342,-1.007209505142926
00-0037112,Jake Tonges,TE,11.030000000000001,10,12.847058823529412,-1.8170588235294112,,,
00-0034855,Baker Mayfield,QB,19.701176470588237,17,21.520000000000003,-1.818823529411766,0.18107999741747058,0.8189200025825294,-1.234297297748171
00-0039849,Marvin Harrison Jr.,WR,10.65,12,12.479999999999999,-1.8299999999999983,0.2103070342585661,0.7896929657414339,-1.4363052318679626
00-0031408,Mike Evans,WR,10.600000000000001,8,12.479999999999999,-1.8799999999999972,0.03877073639189697,0.961229263608103,-1.8074211814743661
00-0036244,Colby Parkinson,TE,10.807142857142859,14,12.847058823529412,-2.0399159663865536,,,
00-0039868,Troy Franklin,WR,10.41764705882353,17,12.479999999999999,-2.062352941176469,0.19995918389475076,0.8000408161052492,-1.6880293489254956
00-0037261,Khalil Shakir,WR,10.4,16,12.479999999999999,-2.0799999999999983,0.17190301252798648,0.8280969874720135,-1.7581975605476077
00-0037816,Romeo Doubs,WR,10.3375,16,12.479999999999999,-2.1424999999999983,0.1492465573543072,0.8507534426456929,-1.8631104446327353
00-0035685,David Montgomery,RB,9.936470588235295,17,12.129411764705884,-2.1929411764705886,0.12850929838966638,0.8714907016103336,-1.959129847106331
00-0034827,DJ Moore,WR,10.245882352941177,17,12.479999999999999,-2.234117647058822,0.06879907300173507,0.931200926998265,-2.105325782399574
00-0033293,Aaron Jones,RB,9.891666666666667,12,12.129411764705884,-2.237745098039216,0.17003769864297863,0.8299623013570214,-1.9283765086846674
00-0036264,Jordan Love,QB,19.142666666666667,15,21.520000000000003,-2.377333333333336,0.21385312458552896,0.786146875414471,-1.6870154471712486
00-0040189,Oronde Gadsden II,TE,10.393333333333334,15,12.847058823529412,-2.453725490196078,,,
00-0039910,Jayden Daniels,QB,19.04,7,21.520000000000003,-2.480000000000004,0.2603437862768016,0.7396562137231983,-1.6396102578984884
00-0039373,Audric Estimé,RB,9.62,5,12.129411764705884,-2.5094117647058845,0.26343935197354745,0.7365606480264526,-2.0301071084387186
00-0039893,Brian Thomas Jr.,WR,9.914285714285715,14,12.479999999999999,-2.565714285714284,0.2399074402225673,0.7600925597774327,-2.116607557617638
00-0039916,Ricky Pearsall,WR,9.844444444444445,9,12.479999999999999,-2.6355555555555537,0.31253849130082445,0.6874615086991755,-2.0504834998404102
00-0039793,AJ Barner,TE,10.194117647058825,17,12.847058823529412,-2.6529411764705877,,,
00-0038129,Cade Otton,TE,10.113333333333333,15,12.847058823529412,-2.733725490196079,,,
00-0039146,Jayden Reed,WR,9.7,5,12.479999999999999,-2.7799999999999994,0.2132152760161608,0.7867847239838393,-2.3808610032977464
00-0039847,Theo Johnson,TE,10.020000000000001,15,12.847058823529412,-2.827058823529411,,,
00-0038994,Jordan Addison,WR,9.65,14,12.479999999999999,-2.8299999999999983,0.19139394091340778,0.8086060590865922,-2.471710542610099
00-0035228,Kyler Murray,QB,18.556,5,21.520000000000003,-2.964000000000002,0.20954072636573848,0.7904592736342615,-2.2876025352913985
00-0038563,Tre Tucker,WR,9.511764705882353,17,12.479999999999999,-2.9682352941176458,0.18959970667182388,0.8104002933281761,-2.6133046432279916
00-0033906,Alvin Kamara,RB,9.154545454545454,11,12.129411764705884,-2.9748663101604294,0.2108085994848504,0.7891914005151496,-2.591318664156522
00-0039391,Kimani Vidal,RB,9.069230769230769,13,12.129411764705884,-3.0601809954751147,0.23951430921920508,0.7604856907807949,-2.6244058434662905
00-0040583,Woody Marks,RB,9.06875,16,12.129411764705884,-3.060661764705884,0.24769531656457355,0.7523046834354264,-2.610001991685751
00-0033921,Chris Godwin Jr.,WR,9.222222222222221,9,12.479999999999999,-3.257777777777777,0.08053230762615278,0.9194676923738472,-3.1070212979016194
00-0039921,Trey Benson,RB,8.85,4,12.129411764705884,-3.279411764705884,0.34199490575935626,0.6580050942406437,-2.6571822096978317
00-0039163,C.J. Stroud,QB,18.181428571428572,14,21.520000000000003,-3.3385714285714307,0.2592904128245066,0.7407095871754934,-2.5015819759739233
00-0040236,Kyle Monangai,RB,8.629411764705884,17,12.129411764705884,-3.5,0.25349208483594243,0.7465079151640576,-3.0387935185896646
00-0033885,David Njoku,TE,9.345454545454546,11,12.847058823529412,-3.5016042780748666,,,
00-0039032,Tyjae Spears,RB,8.592307692307692,13,12.129411764705884,-3.5371040723981917,0.26678870516666575,0.7332112948333342,-3.051705563527311
00-0033923,Kareem Hunt,RB,8.552941176470588,17,12.129411764705884,-3.5764705882352956,0.11503009751690171,0.8849699024830983,-3.3671834755177796
00-0038608,Kayshon Boutte,WR,8.864285714285714,14,12.479999999999999,-3.6157142857142848,0.16636753539365318,0.8336324646063469,-3.304274259457366
00-0035229,T.J. Hockenson,TE,9.22,15,12.847058823529412,-3.6270588235294117,,,
00-0037256,Rachaad White,RB,8.411764705882353,17,12.129411764705884,-3.7176470588235304,0.2338348153422094,0.7661651846577906,-3.292205244792087
00-0034753,Mark Andrews,TE,9.117647058823529,17,12.847058823529412,-3.7294117647058833,,,
00-0036555,Chuba Hubbard,RB,8.360000000000001,15,12.129411764705884,-3.7694117647058825,0.20828690269789357,0.7917130973021065,-3.3904521235031853
00-0038997,Josh Downs,WR,8.65,16,12.479999999999999,-3.8299999999999983,0.19272763331184378,0.8072723666881563,-3.469213870440227
00-0040311,Theo Wease Jr.,WR,8.633333333333333,3,12.479999999999999,-3.846666666666666,0.24977216289100088,0.7502278371089991,-3.3790931777347124
00-0035662,Marquise Brown,WR,8.60625,16,12.479999999999999,-3.8737499999999994,0.09791839182191588,0.9020816081780841,-3.690446770509373
00-0040242,Jacory Croskey-Merritt,RB,8.25294117647059,17,12.129411764705884,-3.8764705882352946,0.20471731371094182,0.7952826862890582,-3.504005499230622
00-0023459,Aaron Rodgers,QB,17.63,16,21.520000000000003,-3.890000000000004,0.15297083204933132,0.8470291679506687,-3.3962101541447627
00-0037809,Chig Okonkwo,TE,8.941176470588236,17,12.847058823529412,-3.905882352941177,,,
00-0036894,Pat Freiermuth,TE,8.94,15,12.847058823529412,-3.907058823529413,,,
00-0034869,Sam Darnold,QB,17.61294117647059,17,21.520000000000003,-3.9070588235294146,0.22068092147691146,0.7793190785230886,-3.194700809001944
00-0039901,Keon Coleman,WR,8.533333333333333,12,12.479999999999999,-3.9466666666666654,0.2020162988702969,0.7979837011297031,-3.5684921551814694
00-0040735,Luther Burden III,WR,8.526666666666667,15,12.479999999999999,-3.9533333333333314,0.30212257153056893,0.6978774284694311,-3.3877598794281063
00-0036945,Justin Fields,QB,17.517777777777777,9,21.520000000000003,-4.002222222222226,0.2943325162753495,0.7056674837246505,-3.052116859685398
00-0032950,Carson Wentz,QB,17.468,5,21.520000000000003,-4.052000000000003,0.2665657974368895,0.7334342025631104,-3.1915256058737236
00-0037525,Jordan Mason,RB,8.05625,16,12.129411764705884,-4.073161764705883,0.19574699230453405,0.8042530076954659,-3.717017384001222
00-0039491,Jalen Coker,WR,8.218181818181819,11,12.479999999999999,-4.26181818181818,0.22365739708811536,0.7763426029118846,-3.843131534469228
00-0040736,Mason Taylor,TE,8.53076923076923,13,12.847058823529412,-4.316289592760182,,,
00-0039150,Bryce Young,QB,17.19,16,21.520000000000003,-4.330000000000002,0.2137397072522459,0.7862602927477541,-3.640048224989752
00-0033555,Mack Hollins,WR,8.1,14,12.479999999999999,-4.379999999999999,0.090741902282824,0.909258097717176,-4.210131158926552
00-0037157,Bam Knight,RB,7.741666666666666,12,12.129411764705884,-4.387745098039217,0.17698770163001804,0.8230122983699819,-4.065731591485308
00-0037252,Greg Dulcich,TE,8.422222222222224,9,12.847058823529412,-4.424836601307188,,,
00-0037545,Rashid Shaheed,WR,8.033333333333333,18,12.479999999999999,-4.446666666666665,0.2001280402286177,0.7998719597713824,-4.0720269753586935
00-0038611,Chris Rodriguez Jr.,RB,7.666666666666667,12,12.129411764705884,-4.462745098039217,0.17234974550244603,0.8276502544975539,-4.149169943428002
00-0033110,Tyler Higbee,TE,8.36,10,12.847058823529412,-4.487058823529413,,,
00-0036924,Michael Carter,RB,7.615384615384615,13,12.129411764705884,-4.514027149321269,0.26168801376671114,0.7383119862332889,-4.037908898391599
00-0039894,Xavier Worthy,WR,7.8500000000000005,14,12.479999999999999,-4.629999999999998,0.2753530601550981,0.7246469398449019,-4.114539071389655
00-0039405,Jawhar Jordan,RB,7.425,4,12.129411764705884,-4.704411764705884,0.3288576183624828,0.6711423816375173,-4.106084344944025
00-0040743,Tyler Shough,QB,16.723636363636363,11,21.520000000000003,-4.79636363636364,0.3667703929773772,0.6332296070226229,-3.612428807832667
00-0033881,Evan Engram,TE,7.9875,16,12.847058823529412,-4.8595588235294125,,,
00-0040130,Jayden Higgins,WR,7.617647058823529,17,12.479999999999999,-4.86235294117647,0.22679297784616056,0.7732070221538394,-4.437796486648457
00-0039410,Ryan Flournoy,WR,7.6,15,12.479999999999999,-4.879999999999999,0.2198458444791081,0.780154155520892,-4.468448579135108
00-0037263,Tyler Allgeier,RB,7.235294117647059,17,12.129411764705884,-4.894117647058825,0.16574612834148447,0.8342538716585155,-4.592557191199877
00-0039738,Blake Corum,RB,7.188235294117647,17,12.129411764705884,-4.941176470588236,0.22275745852039108,0.7772425414796089,-4.5358889298802545
00-0039855,Jalen McMillan,WR,7.475,4,12.479999999999999,-5.004999999999999,0.3102452985213908,0.6897547014786092,-4.424220801167955
00-0040648,Tory Horton,WR,7.3875,8,12.479999999999999,-5.0924999999999985,0.15976916754984505,0.840230832450155,-4.793412118346689
00-0031503,Jameis Winston,QB,16.426666666666666,3,21.520000000000003,-5.093333333333337,0.3659126599025866,0.6340873400974134,-3.9121672671677876
00-0039424,Devaughn Vele,WR,7.366666666666666,9,12.479999999999999,-5.113333333333332,0.22913888153480727,0.7708611184651928,-4.684385347100173
00-0033908,Cooper Kupp,WR,7.33125,16,12.479999999999999,-5.148749999999999,0.09269495680832607,0.9073050431916739,-4.975225040854813
00-0040170,Elic Ayomanor,WR,7.28125,16,12.479999999999999,-5.198749999999999,0.25169077121209743,0.7483092287879025,-4.727584876290952
00-0035689,Dawson Knox,TE,7.60625,16,12.847058823529412,-5.240808823529412,,,
00-0036407,Jerry Jeudy,WR,7.1000000000000005,17,12.479999999999999,-5.379999999999998,0.14457967296034976,0.8554203270396502,-5.1093468522182235
00-0037197,Isiah Pacheco,RB,6.7153846153846155,13,12.129411764705884,-5.414027149321268,0.25900182883092393,0.7409981711690761,-4.942796174865946
00-0035535,Darius Slayton,WR,7.057142857142858,14,12.479999999999999,-5.422857142857141,0.13691797717042242,0.8630820228295776,-5.16654668959411
00-0035243,Miles Sanders,RB,6.675000000000001,4,12.129411764705884,-5.454411764705883,0.18949482324450076,0.8105051767554993,-5.109642653943976
00-0040202,Devin Neal,RB,6.666666666666667,9,12.129411764705884,-5.462745098039217,0.2737955485576875,0.7262044514423125,-4.96459825586926
00-0033699,Austin Ekeler,RB,6.55,2,12.129411764705884,-5.579411764705884,0.2310821206691724,0.7689178793308276,-5.158978235747207
00-0039923,J.J. McCarthy,QB,15.937999999999999,10,21.520000000000003,-5.582000000000004,0.2575936710886453,0.7424063289113547,-4.750487629725857
00-0034975,Justice Hill,RB,6.5200000000000005,10,12.129411764705884,-5.609411764705883,0.18155289761579915,0.8184471023842008,-5.279092286867256
00-0040705,Chimere Dike,WR,6.829411764705882,17,12.479999999999999,-5.650588235294117,0.2525807681989449,0.7474192318010551,-5.177757037225692
00-0034837,Calvin Ridley,WR,6.757142857142857,7,12.479999999999999,-5.7228571428571415,0.1269901681610318,0.8730098318389682,-5.48513154805969
00-0035250,Devin Singletary,RB,6.3999999999999995,17,12.129411764705884,-5.729411764705884,0.17410841282564216,0.8258915871743578,-5.412636870076643
00-0040584,Gunnar Helm,TE,7.10625,16,12.847058823529412,-5.740808823529412,,,
00-0038104,Tyquan Thornton,WR,6.733333333333333,12,12.479999999999999,-5.746666666666665,0.17418357701407103,0.8258164229859289,-5.420595010496324
00-0035644,Noah Fant,TE,7.061538461538461,13,12.847058823529412,-5.785520361990951,,,
00-0034829,Mike Gesicki,TE,7.058333333333334,12,12.847058823529412,-5.788725490196079,,,
00-0039917,Michael Penix Jr.,QB,15.697777777777778,9,21.520000000000003,-5.822222222222225,0.3353346500294441,0.6646653499705559,-4.739761971927178
00-0039066,Michael Mayer,TE,7.023076923076923,13,12.847058823529412,-5.823981900452489,,,
00-0037231,Kevin Austin Jr.,WR,6.6,5,12.479999999999999,-5.879999999999999,0.17224128915466558,0.8277587108453344,-5.557564306702465
00-0033307,Kendrick Bourne,WR,6.578571428571429,14,12.479999999999999,-5.9014285714285695,0.1114000670489055,0.8885999329510945,-5.692887645913018
00-0039880,Malik Washington,WR,6.511764705882353,17,12.479999999999999,-5.968235294117646,0.21733391650734032,0.7826660834926596,-5.561386202415905
00-0038558,Darnell Washington,TE,6.838461538461539,13,12.847058823529412,-6.008597285067873,,,
00-0036212,Tua Tagovailoa,QB,15.407142857142858,14,21.520000000000003,-6.112857142857145,0.24158555935563414,0.7584144406443658,-5.333018957257158
00-0032385,Sterling Shepard,WR,6.3076923076923075,13,12.479999999999999,-6.172307692307691,0.0808460849930063,0.9191539150069937,-6.020963821200783
00-0035500,Greg Dortch,WR,6.258333333333334,12,12.479999999999999,-6.221666666666665,0.08972726898387082,0.9102727310161292,-6.053697219128859
00-0040719,Bhayshul Tuten,RB,5.906666666666666,15,12.129411764705884,-6.222745098039217,0.19814938503738055,0.8018506149626194,-5.862229775732971
00-0035537,Ty Johnson,RB,5.9,17,12.129411764705884,-6.229411764705883,0.17671567127503926,0.8232843287249607,-5.907893193380179
00-0034791,Nick Chubb,RB,5.886666666666668,15,12.129411764705884,-6.242745098039216,0.18934213531317265,0.8106578646868273,-5.898253789495897
00-0030565,Geno Smith,QB,15.26,15,21.520000000000003,-6.260000000000003,0.23616216811331972,0.7638378318866803,-5.4976685213302074
00-0032268,Marcus Mariota,QB,15.25,10,21.520000000000003,-6.270000000000003,0.3852775191844698,0.6147224808155303,-5.026324168072534
00-0040162,Dylan Sampson,RB,5.840000000000001,15,12.129411764705884,-6.289411764705883,0.29189755517911425,0.7081024448208857,-5.758329918724118
00-0040237,Tez Johnson,WR,6.16,15,12.479999999999999,-6.3199999999999985,0.2271235996448971,0.772876400355103,-5.8948246214647515
00-0037837,Calvin Austin III,WR,6.1571428571428575,14,12.479999999999999,-6.322857142857141,0.17067774330861993,0.82932225669138,-6.003348407383405
00-0038618,Xavier Hutchinson,WR,6.125,16,12.479999999999999,-6.354999999999999,0.2062554058247762,0.7937445941752238,-5.968889880296017
00-0035208,Olamide Zaccheaus,WR,6.057142857142858,14,12.479999999999999,-6.422857142857141,0.11533841848540974,0.8846615815145903,-6.206943623452454
00-0038619,Andrei Iosivas,WR,5.993333333333334,15,12.479999999999999,-6.486666666666665,0.2217676793587705,0.7782323206412295,-6.071517570907046
00-0038621,DeMario Douglas,WR,5.9875,16,12.479999999999999,-6.492499999999999,0.20894023572662113,0.7910597642733789,-6.101363878719765
00-0034983,Hunter Renfrow,WR,5.983333333333334,6,12.479999999999999,-6.496666666666664,0.08654763242240053,0.9134523675775995,-6.33464949877193
00-0039342,Xavier Legette,WR,5.953333333333334,15,12.479999999999999,-6.526666666666665,0.22893221264557884,0.7710677873544212,-6.0981055645941415
00-0038976,Marvin Mims Jr.,WR,5.933333333333334,15,12.479999999999999,-6.546666666666665,0.21469880745884126,0.7853011925411587,-6.144750499103714
00-0037291,Jalen Nailor,WR,5.923529411764706,17,12.479999999999999,-6.5564705882352925,0.1703110755008358,0.8296889244991642,-6.237648254897728
00-0038797,Emanuel Wilson,RB,5.558823529411765,17,12.129411764705884,-6.570588235294118,0.2583848633665627,0.7416151366334374,-6.100479775063072
00-0037838,Isaiah Likely,TE,6.266666666666667,12,12.847058823529412,-6.580392156862746,,,
00-0038393,Dontayvion Wicks,WR,5.8307692307692305,13,12.479999999999999,-6.649230769230768,0.21234922737084974,0.7876507726291503,-6.251713015592538
00-0033858,Jonnu Smith,TE,6.129411764705883,17,12.847058823529412,-6.7176470588235295,,,
00-0040134,Pat Bryant,WR,5.753846153846154,13,12.479999999999999,-6.726153846153845,0.3042326465159421,0.6957673534840578,-6.156630331876001
00-0038951,Sean Tucker,RB,5.376470588235295,17,12.129411764705884,-6.752941176470589,0.17378741748212626,0.8262125825178738,-6.436750304545756
00-0039874,Jaylen Wright,RB,5.355555555555556,9,12.129411764705884,-6.773856209150328,0.2549870826039142,0.7450129173960858,-6.309929711212735
00-0039355,Luke McCaffrey,WR,5.7,9,12.479999999999999,-6.7799999999999985,0.21133094548546932,0.7886690545145307,-6.3843884700512
00-0036972,Mac Jones,QB,14.73090909090909,11,21.520000000000003,-6.789090909090913,0.4042659902170227,0.5957340097829773,-5.484120292670363
00-0037801,KaVontae Turpin,WR,5.633333333333334,15,12.479999999999999,-6.846666666666665,0.19570926850375756,0.8042907314962424,-6.480298916027631
00-0033526,Samaje Perine,RB,5.193333333333333,15,12.129411764705884,-6.93607843137255,0.18189181492831513,0.8181081850716849,-6.605142323388269
00-0037614,John Metchie III,WR,5.5307692307692315,13,12.479999999999999,-6.949230769230767,0.1801057591778562,0.8198942408221438,-6.6120727880498205
00-0039890,Adonai Mitchell,WR,5.49375,16,12.479999999999999,-6.986249999999998,0.24857674472375,0.75142325527625,-6.520914333877139
00-0036290,Cole Kmet,TE,5.85625,16,12.847058823529412,-6.990808823529412,,,
00-0036309,Darnell Mooney,WR,5.486666666666666,15,12.479999999999999,-6.993333333333332,0.1530295746343102,0.8469704253656898,-6.706861969617903
00-0040466,Raheim Sanders,RB,5.075,4,12.129411764705884,-7.0544117647058835,0.2600642201750283,0.7399357798249717,-6.581247862940376
00-0040669,Isaac TeSlaa,WR,5.421428571428572,14,12.479999999999999,-7.058571428571427,0.204364951949498,0.795635048050502,-6.676000238521967
00-0034613,Tanner Hudson,TE,5.7299999999999995,10,12.847058823529412,-7.117058823529413,,,
00-0039356,Ja'Tavion Sanders,TE,5.708333333333333,12,12.847058823529412,-7.138725490196079,,,
00-0026158,Joe Flacco,QB,14.358461538461539,13,21.520000000000003,-7.1615384615384645,0.2976033162520766,0.7023966837479234,-6.200874956676762
00-0038891,Shedrick Jackson,WR,5.3,3,12.479999999999999,-7.179999999999999,0.17517022672144297,0.824829773278557,-6.8520813355774575
00-0034775,Christian Kirk,WR,5.263636363636364,11,12.479999999999999,-7.216363636363635,0.10428261213577235,0.8957173878642276,-7.021146586445469
00-0038128,Malik Willis,QB,14.294999999999998,4,21.520000000000003,-7.225000000000005,0.6016507164457636,0.3983492835542364,-5.28287148731308
00-0038705,Emari Demercado,RB,4.858333333333333,12,12.129411764705884,-7.27107843137255,0.3002713707506515,0.6997286292493485,-6.724761166824453
00-0037329,Brittain Brown,RB,4.85,2,12.129411764705884,-7.279411764705884,0.16696338957939408,0.833036610420606,-6.975636609429963
00-0022942,Philip Rivers,QB,14.219999999999999,3,21.520000000000003,-7.300000000000004,0.1876903868269257,0.8123096131730743,-6.694135431322688
00-0036196,Gabe Davis,WR,5.15,6,12.479999999999999,-7.329999999999998,0.13395508457427233,0.8660449154257277,-7.07923608167696
00-0038647,Ronnie Bell,WR,5.15,2,12.479999999999999,-7.329999999999998,0.1318785819250006,0.8681214180749994,-7.083123294636398
00-0037004,Hunter Long,TE,5.5,7,12.847058823529412,-7.347058823529412,,,
00-0036754,Brock Wright,TE,5.4750000000000005,8,12.847058823529412,-7.372058823529412,,,
00-0038551,Kendre Miller,RB,4.757142857142857,7,12.129411764705884,-7.3722689075630266,0.26729485864243724,0.7327051413575627,-6.885949497103581
00-0033891,Zay Jones,WR,5.05,6,12.479999999999999,-7.429999999999999,0.10898395507663176,0.8910160449233683,-7.2259820360965445
00-0032392,Austin Hooper,TE,5.369230769230769,13,12.847058823529412,-7.4778280542986435,,,
00-0038979,Cedric Tillman,WR,5.0,12,12.479999999999999,-7.479999999999999,0.20832761229768337,0.7916723877023166,-7.090010709778736
00-0040667,Matthew Golden,WR,5.0,14,12.479999999999999,-7.479999999999999,0.3304534327432069,0.6695465672567931,-6.861391173904716
00-0036415,Van Jefferson,WR,5.0,14,12.479999999999999,-7.479999999999999,0.15090762799828544,0.8490923720017145,-7.197500920387208
00-0038115,Daniel Bellinger,TE,5.315384615384615,13,12.847058823529412,-7.531674208144797,,,
00-0035406,Lil'Jordan Humphrey,WR,4.942857142857143,7,12.479999999999999,-7.537142857142856,0.11610358597143332,0.8838964140285667,-7.319796944204333
00-0033955,Jeremy McNichols,RB,4.54375,16,12.129411764705884,-7.5856617647058835,0.21779652815309797,0.782203471846902,-7.1894001990720415
00-0040737,Terrance Ferguson,TE,5.236363636363636,11,12.847058823529412,-7.610695187165776,,,
00-0035249,Josh Oliver,TE,5.208333333333333,12,12.847058823529412,-7.638725490196079,,,
00-0039798,Isaiah Davis,RB,4.45,16,12.129411764705884,-7.6794117647058835,0.3180701168184518,0.6819298831815481,-7.100711252165018
00-0037005,Tommy Tremble,TE,5.16,15,12.847058823529412,-7.687058823529412,,,
00-0035100,Jake Browning,QB,13.748000000000001,5,21.520000000000003,-7.772000000000002,0.3440015977173441,0.6559984022826559,-6.661562842568415
00-0039792,Devontez Walker,WR,4.7,8,12.479999999999999,-7.7799999999999985,0.20739613625221845,0.7926038637477816,-7.391754432935846
00-0036755,Jaret Patterson,RB,4.283333333333333,6,12.129411764705884,-7.8460784313725505,0.234392489136206,0.765607510863794,-7.419621979079442
00-0033943,Josh Reynolds,WR,4.62,5,12.479999999999999,-7.8599999999999985,0.10224170743079704,0.8977582925692029,-7.668603523689547
00-0039074,Davis Allen,TE,4.986666666666666,15,12.847058823529412,-7.860392156862746,,,
00-0038454,Keaton Mitchell,RB,4.261538461538462,13,12.129411764705884,-7.867873303167421,0.2937425120793742,0.7062574879206258,-7.333434720895948
00-0036165,Isaiah Hodgins,WR,4.583333333333333,6,12.479999999999999,-7.896666666666666,0.1323892997401111,0.867610700259889,-7.648833897553177
00-0040668,Shedeur Sanders,QB,13.6125,8,21.520000000000003,-7.907500000000002,0.3832083968956919,0.6167916031043081,-6.670503294820708
00-0036626,Dyami Brown,WR,4.5181818181818185,11,12.479999999999999,-7.96181818181818,0.16708097918006964,0.8329190208199304,-7.6490425887930895
00-0040277,Jahdae Walker,WR,4.45,6,12.479999999999999,-8.029999999999998,0.2245604018590891,0.7754395981409109,-7.609622927719783
00-0040586,Jaydon Blue,RB,4.08,5,12.129411764705884,-8.049411764705884,0.27722236817491225,0.7227776318250878,-7.545030126608823
00-0037563,Malik Davis,RB,4.0600000000000005,10,12.129411764705884,-8.069411764705883,0.23928225845810072,0.7607177415418993,-7.6340588085818215
00-0036988,Josh Palmer,WR,4.358333333333333,12,12.479999999999999,-8.121666666666666,0.19329398978292678,0.8067060102170732,-7.759820317793027
00-0039144,Luke Musgrave,TE,4.707692307692308,13,12.847058823529412,-8.139366515837104,,,
00-0040727,Tre Harris,WR,4.3375,16,12.479999999999999,-8.142499999999998,0.3050877098087427,0.6949122901912572,-7.571375807238032
00-0033857,JuJu Smith-Schuster,WR,4.323529411764706,17,12.479999999999999,-8.156470588235294,0.09658594188839123,0.9034140581116088,-7.975661705020226
00-0039376,Spencer Rattler,QB,13.348888888888888,9,21.520000000000003,-8.171111111111115,0.45465828512067585,0.5453417148793241,-6.703474166741573
00-0040194,Jackson Hawes,TE,4.6692307692307695,13,12.847058823529412,-8.177828054298644,,,
00-0039739,Roman Wilson,WR,4.288888888888889,9,12.479999999999999,-8.191111111111109,0.22257776288039244,0.7774222371196076,-7.774445538999014
00-0038794,Jaleel McLaughlin,RB,3.9250000000000003,8,12.129411764705884,-8.204411764705883,0.2747250785827915,0.7252749214172085,-7.7045737246726045
00-0036550,Rashod Bateman,WR,4.261538461538462,13,12.479999999999999,-8.218461538461536,0.1555009877558366,0.8444990122441633,-7.92736368938261
00-0036898,Davis Mills,QB,13.266666666666666,6,21.520000000000003,-8.253333333333337,0.4660505892314672,0.5339494107685328,-6.748922031294161
00-0036893,Najee Harris,RB,3.866666666666667,3,12.129411764705884,-8.262745098039217,0.28278266661171514,0.7172173333882849,-7.748246987550961
00-0036427,Tyler Johnson,WR,4.188888888888889,9,12.479999999999999,-8.29111111111111,0.14931305604853967,0.8506869439514604,-8.011597070188245
00-0039794,Braelon Allen,RB,3.825,4,12.129411764705884,-8.304411764705883,0.25098570428225037,0.7490142957177497,-7.847765421561765
00-0032775,Demarcus Robinson,WR,4.1571428571428575,14,12.479999999999999,-8.322857142857142,0.08036166315152164,0.9196383368484784,-8.172420109437494
00-0038679,Tyrell Shavers,WR,4.136363636363637,11,12.479999999999999,-8.343636363636362,0.23495741730848013,0.7650425826915199,-7.903796078434887
00-0040676,Cam Ward,QB,13.156470588235294,17,21.520000000000003,-8.36352941176471,0.36559613067141133,0.6344038693285887,-7.183385101957393
00-0035359,David Sills,WR,4.091666666666667,12,12.479999999999999,-8.388333333333332,0.110190879469206,0.889809120530794,-8.182056006966977
00-0040078,Brashard Smith,RB,3.7235294117647055,17,12.129411764705884,-8.405882352941179,0.3194692509261206,0.6805307490738794,-7.824636239344419
00-0032464,Kalif Raymond,WR,4.053333333333333,15,12.479999999999999,-8.426666666666666,0.08249439595109008,0.9175056040489099,-8.272237157446225
00-0037746,Brian Robinson,RB,3.6764705882352944,17,12.129411764705884,-8.452941176470588,0.2600591616786719,0.7399408383213282,-7.979786478192864
00-0040138,Jaylin Noel,WR,4.023529411764706,17,12.479999999999999,-8.456470588235293,0.2867448524757878,0.7132551475242122,-7.919684224400618
00-0031236,Brandin Cooks,WR,3.992307692307693,13,12.479999999999999,-8.487692307692306,0.06396562126221733,0.9360343787377827,-8.367948664689436
00-0033375,Tim Patrick,WR,3.976923076923077,13,12.479999999999999,-8.503076923076922,0.07468959690822849,0.9253104030917715,-8.363257997664718
00-0038839,Mitchell Tinsley,WR,3.95,8,12.479999999999999,-8.529999999999998,0.17810045265064992,0.8218995473493501,-8.196595952637981
00-0039359,Cade Stover,TE,4.316666666666666,6,12.847058823529412,-8.530392156862746,,,
00-0032211,Tyler Lockett,WR,3.9470588235294115,17,12.479999999999999,-8.532941176470587,0.0667176303029523,0.9332823696970477,-8.40804577254346
00-0030564,DeAndre Hopkins,WR,3.9411764705882355,17,12.479999999999999,-8.538823529411763,0.045481748828215096,0.9545182511717849,-8.453681695605345
00-0038555,Tank Bigsby,RB,3.5866666666666664,15,12.129411764705884,-8.542745098039218,0.2739483745509611,0.7260516254490389,-8.044320202459145
00-0039041,Elijah Higgins,TE,4.3,17,12.847058823529412,-8.547058823529412,,,
00-0038440,Zavier Scott,RB,3.563636363636364,11,12.129411764705884,-8.56577540106952,0.2757645297744156,0.7242354702255844,-8.064046171309363
00-0036422,Adam Trautman,TE,4.269230769230769,13,12.847058823529412,-8.577828054298642,,,
00-0036849,Tutu Atwell,WR,3.9,8,12.479999999999999,-8.579999999999998,0.17306476232232065,0.8269352376776793,-8.256022764932615
00-0032398,Chris Moore,WR,3.8600000000000003,10,12.479999999999999,-8.619999999999997,0.0782781323759137,0.9217218676240863,-8.473463336192287
00-0037666,Jalen Tolbert,WR,3.858333333333333,12,12.479999999999999,-8.621666666666666,0.1948927288872686,0.8051072711127314,-8.256827478189699
00-0029604,Kirk Cousins,QB,12.854,10,21.520000000000003,-8.666000000000004,0.3198595068255949,0.6801404931744051,-7.633493511966984
00-0037805,Jeremy Ruckert,TE,4.171428571428572,14,12.847058823529412,-8.675630252100841,,,
00-0036328,Antonio Gibson,RB,3.44,5,12.129411764705884,-8.689411764705884,0.21049093669252128,0.7895090633074787,-8.306442078123549
00-0039875,Ray Davis,RB,3.4176470588235297,17,12.129411764705884,-8.711764705882354,0.290496540917654,0.709503459082346,-8.18323188173041
00-0040187,Mitchell Evans,TE,4.121428571428572,14,12.847058823529412,-8.72563025210084,,,
00-0036959,Michael Bandy,WR,3.75,4,12.479999999999999,-8.729999999999999,0.1448945063848108,0.8551054936151892,-8.458757484047633
00-0037267,Jerome Ford,RB,3.353846153846154,13,12.129411764705884,-8.77556561085973,0.2985409642926474,0.7014590357073526,-8.232396668179048
00-0040782,Isaiah Bond,WR,3.646666666666667,15,12.479999999999999,-8.833333333333332,0.3246558445788118,0.6753441554211882,-8.225577592281796
00-0037742,Treylon Burks,WR,3.625,8,12.479999999999999,-8.854999999999999,0.18520716577120203,0.814792834228798,-8.508292185676309
00-0034272,Marquez Valdes-Scantling,WR,3.5555555555555554,9,12.479999999999999,-8.924444444444443,0.09899904688938295,0.901000953110617,-8.739118228667518
00-0040522,Xavier Restrepo,WR,3.55,2,12.479999999999999,-8.93,0.31492738613715404,0.685072613862846,-8.340455933151247
00-0040198,Ollie Gordon II,RB,3.182352941176471,17,12.129411764705884,-8.947058823529414,0.26375790616572,0.73624209383428,-8.467174586017313
00-0033282,Curtis Samuel,WR,3.516666666666667,6,12.479999999999999,-8.963333333333331,0.08322697757532978,0.9167730224246702,-8.807532431312314
00-0040131,Kyle Williams,WR,3.5142857142857147,14,12.479999999999999,-8.965714285714284,0.26164028767099584,0.7383597123290042,-8.47592366719418
00-0032688,Robbie Chosen,WR,3.4333333333333336,3,12.479999999999999,-9.046666666666665,0.08529949367720281,0.9147005063227972,-8.886986014502941
00-0033357,Taysom Hill,TE,3.790769230769231,13,12.847058823529412,-9.056289592760182,,,
00-0039912,Ben Sinnott,TE,3.7666666666666666,9,12.847058823529412,-9.080392156862747,,,
00-0028118,Tyrod Taylor,QB,12.410000000000002,6,21.520000000000003,-9.110000000000001,0.43161355273438484,0.5683864472656152,-7.716751451773407
00-0037741,Jahan Dotson,WR,3.3466666666666667,15,12.479999999999999,-9.133333333333333,0.20188895753391978,0.7981110424660802,-8.755397204829835
00-0033591,Noah Brown,WR,3.325,4,12.479999999999999,-9.154999999999998,0.10385857925228781,0.8961414207477122,-8.960576739639714
00-0037276,Ty Chandler,RB,2.9333333333333336,3,12.129411764705884,-9.19607843137255,0.2935545756687623,0.7064454243312377,-8.661981782817561
00-0037282,James Mitchell,TE,3.6500000000000004,2,12.847058823529412,-9.197058823529412,,,
00-0032104,Ameer Abdullah,RB,2.9153846153846152,13,12.129411764705884,-9.214027149321268,0.1815295130001271,0.8184704869998729,-8.883750217727508
00-0039451,Isaiah Williams,WR,3.246666666666667,15,12.479999999999999,-9.23333333333333,0.27711781636819943,0.7228821836318006,-8.714568781092062
00-0035291,Trayveon Williams,RB,2.85,6,12.129411764705884,-9.279411764705884,0.253236329938248,0.7467636700617519,-8.818670606765295
00-0036980,Elijah Moore,WR,3.1777777777777776,9,12.479999999999999,-9.302222222222222,0.16135482090421593,0.8386451790957841,-9.00016599748953
00-0036637,Noah Gray,TE,3.521428571428572,14,12.847058823529412,-9.32563025210084,,,
00-0038720,Julian Hill,TE,3.5,11,12.847058823529412,-9.347058823529412,,,
00-0034270,Tyler Conklin,TE,3.466666666666667,6,12.847058823529412,-9.380392156862746,,,
00-0033455,Anthony Firkser,TE,3.46,5,12.847058823529412,-9.387058823529411,,,
00-0039394,Casey Washington,WR,3.0800000000000005,5,12.479999999999999,-9.399999999999999,0.2811990539683971,0.7188009460316029,-8.87359537097116
00-0034365,Ian Thomas,TE,3.433333333333333,9,12.847058823529412,-9.413725490196079,,,
00-0040739,Elijah Arroyo,TE,3.4153846153846152,13,12.847058823529412,-9.431674208144797,,,
00-0035298,Scott Miller,WR,3.04,5,12.479999999999999,-9.439999999999998,0.1328504963796073,0.8671495036203927,-9.191303870777373
00-0040024,Darius Cooper,WR,3.0333333333333337,6,12.479999999999999,-9.446666666666665,0.3228525335311699,0.6771474664688302,-8.842286723896315
00-0040729,Jack Bech,WR,3.0285714285714285,14,12.479999999999999,-9.45142857142857,0.3222871290461528,0.6777128709538471,-8.848107065854173
00-0038359,Xavier Smith,WR,3.0187500000000003,16,12.479999999999999,-9.461249999999998,0.2628253886127505,0.7371746113872495,-8.969240872516929
00-0033217,Mo Alie-Cox,TE,3.3818181818181823,11,12.847058823529412,-9.46524064171123,,,
00-0038738,Hunter Luepke,RB,2.642857142857143,14,12.129411764705884,-9.486554621848741,0.2939805957274845,0.7060194042725155,-8.951682867386912
00-0038783,Nate Adkins,TE,3.3000000000000003,6,12.847058823529412,-9.547058823529412,,,
00-0035631,Drew Sample,TE,3.283333333333333,12,12.847058823529412,-9.563725490196079,,,
00-0036628,John Bates,TE,3.28,10,12.847058823529412,-9.567058823529413,,,
00-0034159,Will Dissly,TE,3.2750000000000004,8,12.847058823529412,-9.572058823529412,,,
00-0039757,Terrell Jennings,RB,2.5333333333333337,6,12.129411764705884,-9.59607843137255,0.2659913187611277,0.7340086812388723,-9.112130696708922
00-0040218,Jimmy Horn Jr.,WR,2.87,10,12.479999999999999,-9.61,0.317603324501762,0.682396675498238,-9.015446576532701
00-0030035,Adam Thielen,WR,2.8285714285714287,14,12.479999999999999,-9.65142857142857,0.06044659885917996,0.9395534011408201,-9.538272538364184
00-0038046,Charlie Kolar,TE,3.1692307692307695,13,12.847058823529412,-9.677828054298644,,,
00-0031687,Raheem Mostert,RB,2.45,12,12.129411764705884,-9.679411764705883,0.20661441178822268,0.7933855882117773,-9.303495073140605
00-0040363,Keleki Latu,TE,3.1666666666666665,3,12.847058823529412,-9.680392156862746,,,
00-0040556,Corey Kiner,RB,2.325,4,12.129411764705884,-9.804411764705883,0.34861052035456486,0.6513894796454351,-9.170145682672548
00-0036414,Cam Akers,RB,2.295,4,12.129411764705884,-9.834411764705884,0.19206505733009502,0.807934942669905,-9.4849663398106
00-0037086,Grant Calcaterra,TE,3.011111111111111,9,12.847058823529412,-9.835947712418301,,,
00-0039920,Malachi Corley,WR,2.6333333333333333,12,12.479999999999999,-9.846666666666666,0.27540958853095315,0.7245904114690469,-9.331099916936722
00-0040164,Jaylin Lane,WR,2.6133333333333337,15,12.479999999999999,-9.866666666666665,0.3184352282031898,0.6815647717968102,-9.270555919470294
00-0039379,Jamari Thrash,WR,2.5875,8,12.479999999999999,-9.892499999999998,0.2812326984046262,0.7187673015953737,-9.366032388586538
00-0037085,Tyler Badie,RB,2.2125,16,12.129411764705884,-9.916911764705883,0.29296061576636484,0.7070393842336351,-9.38389577378508
00-0034521,Allen Lazard,WR,2.5555555555555554,9,12.479999999999999,-9.924444444444443,0.09721790681867264,0.9027820931813274,-9.742452522879889
00-0039623,Mason Tipton,WR,2.5500000000000003,8,12.479999999999999,-9.929999999999998,0.2720768194317569,0.7279231805682431,-9.42067219402375
00-0040590,Konata Mumpfield,WR,2.52,10,12.479999999999999,-9.959999999999999,0.27549544925056424,0.7245045507494358,-9.444272519002944
00-0038589,Josh Whyle,TE,2.85,6,12.847058823529412,-9.997058823529413,,,
00-0037306,John FitzPatrick,TE,2.8363636363636364,11,12.847058823529412,-10.010695187165776,,,
00-0034860,Dante Pettis,WR,2.4625000000000004,8,12.479999999999999,-10.017499999999998,0.12509950111135157,0.8749004988886484,-9.783313733919549
00-0037348,Tanner Conner,TE,2.825,8,12.847058823529412,-10.022058823529413,,,
00-0036360,Clyde Edwards-Helaire,RB,2.0999999999999996,2,12.129411764705884,-10.029411764705884,0.2554022694904414,0.7445977305095586,-9.564729870862392
00-0034419,Braxton Berrios,WR,2.4250000000000003,4,12.479999999999999,-10.054999999999998,0.113260357002946,0.886739642997054,-9.842976611690483
00-0039751,Jordan Whittington,WR,2.4200000000000004,15,12.479999999999999,-10.059999999999999,0.2805459551450323,0.7194540448549678,-9.534817971968499
00-0035645,Gunner Olszewski,WR,2.3637500000000005,16,12.479999999999999,-10.116249999999997,0.12200095152935908,0.8779990484706409,-9.887864218737038
00-0040547,Nate Carter,RB,2.0000000000000004,2,12.129411764705884,-10.129411764705884,,,
00-0039884,Tahj Washington,WR,2.3499999999999996,2,12.479999999999999,-10.129999999999999,0.2788977867818821,0.721102213218118,-9.607903343144315
00-0036887,Luke Farrell,TE,2.6923076923076925,13,12.847058823529412,-10.154751131221719,,,
00-0034407,Ray-Ray McCloud,WR,2.316666666666667,6,12.479999999999999,-10.163333333333332,0.11498795450844983,0.8850120454915502,-9.948075882493514
00-0040172,Jordan Watkins,WR,2.3000000000000003,2,12.479999999999999,-10.179999999999998,0.32024088784463023,0.6797591121553698,-9.58050905795485
00-0038685,Chris Brooks,RB,1.9235294117647062,17,12.129411764705884,-10.205882352941178,0.3159642447575631,0.684035755242437,-9.631013288802858
00-0040179,DJ Giddens,RB,1.9200000000000004,5,12.129411764705884,-10.209411764705884,0.3424621087110245,0.6575378912889756,-9.58633217515106
00-0038040,Zamir White,RB,1.92,5,12.129411764705884,-10.209411764705884,0.2915994898350568,0.7084005101649432,-9.678872222317748
00-0035891,Cody White,WR,2.25,8,12.479999999999999,-10.229999999999999,,,
00-0037475,Stone Smartt,TE,2.6166666666666667,6,12.847058823529412,-10.230392156862745,,,
00-0037524,Tay Martin,WR,2.1500000000000004,2,12.479999999999999,-10.329999999999998,0.2245019852439376,0.7754980147560624,-9.909732283623347
00-0040581,Dont'e Thornton Jr.,WR,2.1363636363636362,11,12.479999999999999,-10.343636363636362,0.30965045985859785,0.6903495401414022,-9.763970702781068
00-0038809,Ben Sims,TE,2.5,3,12.847058823529412,-10.347058823529412,,,
00-0040009,Savion Williams,WR,2.1250000000000004,12,12.479999999999999,-10.354999999999999,0.28982019211375115,0.7101798078862489,-9.812456600363056
00-0038465,Malik Heath,WR,2.085714285714286,7,12.479999999999999,-10.394285714285713,0.26070022612867333,0.7392997738713267,-9.906254890972837
00-0036133,James Proche,WR,2.0833333333333335,6,12.479999999999999,-10.396666666666665,0.1561897085123743,0.8438102914876258,-10.1042795323315
00-0038547,Luke Schoonmaker,TE,2.442857142857143,14,12.847058823529412,-10.40420168067227,,,
00-0033854,Dare Ogunbowale,RB,1.7214285714285715,14,12.129411764705884,-10.407983193277312,0.19998611139085212,0.8000138886091479,-10.044126109435014
00-0040563,Efton Chism III,WR,2.0625,8,12.479999999999999,-10.417499999999999,0.33574394414645853,0.6642560558535415,-9.788987336557827
00-0036429,Charlie Woerner,TE,2.4,7,12.847058823529412,-10.447058823529412,,,
00-0034386,Justin Watson,WR,2.0,3,12.479999999999999,-10.479999999999999,0.11859267377400527,0.8814073262259947,-10.25799451469506
00-0038840,Brycen Tremayne,WR,2.0,15,12.479999999999999,-10.479999999999999,0.24967210050553307,0.7503278994944669,-10.012613827853642
00-0034981,Foster Moreau,TE,2.3428571428571425,7,12.847058823529412,-10.50420168067227,,,
00-0039796,Rasheen Ali,RB,1.6133333333333333,15,12.129411764705884,-10.51607843137255,0.303453538388679,0.696546461611321,-9.963971493586559
00-0039521,Xavier Weaver,WR,1.9571428571428573,7,12.479999999999999,-10.522857142857141,0.2741210808631643,0.7258789191368358,-10.009702479481298
00-0040238,LeQuint Allen Jr.,RB,1.55,16,12.129411764705884,-10.579411764705883,0.3517618104535237,0.6482381895464763,-9.9394121883925
00-0037539,Lucas Krull,TE,2.25,2,12.847058823529412,-10.597058823529412,,,
00-0036265,AJ Dillon,RB,1.5166666666666668,6,12.129411764705884,-10.612745098039216,0.2721295177222225,0.7278704822777775,-10.117629451971666
00-0038953,Dylan Drummond,WR,1.8666666666666665,6,12.479999999999999,-10.613333333333332,0.234092007997896,0.765907992002104,-10.17511309436127
00-0037091,Bo Melton,WR,1.8615384615384618,13,12.479999999999999,-10.618461538461537,0.19506632414046912,0.8049336758595309,-10.25329737967058
00-0039299,George Holani,RB,1.48,10,12.129411764705884,-10.649411764705883,0.288230574947904,0.7117694250520961,-10.125001665697726
00-0036741,Jack Stoll,TE,2.177777777777778,9,12.847058823529412,-10.669281045751635,,,
00-0039458,Brenden Bates,TE,2.16,5,12.847058823529412,-10.687058823529412,,,
00-0039746,Will Shipley,RB,1.3928571428571428,14,12.129411764705884,-10.736554621848741,0.3265028361711324,0.6734971638288676,-10.142511520509146
00-0039737,Tip Reiman,TE,2.1,3,12.847058823529412,-10.747058823529413,,,
00-0033246,Johnny Mundt,TE,2.0500000000000003,12,12.847058823529412,-10.797058823529412,,,
00-0037015,Sal Cannella,TE,2.05,2,12.847058823529412,-10.797058823529412,,,
00-0036906,Khalil Herbert,RB,1.32,5,12.129411764705884,-10.809411764705883,0.27952973345816134,0.7204702665418387,-10.300832079067005
00-0035021,Ashton Dulin,WR,1.6666666666666667,12,12.479999999999999,-10.813333333333333,0.14290151614935373,0.8570984838506462,-10.545821695101742
00-0039754,Devin Culp,TE,2.025,4,12.847058823529412,-10.822058823529412,,,
00-0038640,Jalen Brooks,WR,1.6200000000000003,5,12.479999999999999,-10.859999999999998,0.24820098845648766,0.7517990115435124,-10.395367749609452
00-0040184,KeAndre Lambert-Smith,WR,1.61,10,12.479999999999999,-10.87,0.27279676568269207,0.7272032343173079,-10.359324454642
00-0034418,Cedrick Wilson Jr.,WR,1.5666666666666667,6,12.479999999999999,-10.913333333333332,0.11362742087610692,0.8863725791238931,-10.70062280145326
00-0036182,Nick Westbrook-Ikhine,WR,1.5307692307692307,13,12.479999999999999,-10.949230769230768,0.1543911491229835,0.8456088508770165,-10.660210538072542
00-0040234,Quinn Ewers,QB,10.545,4,21.520000000000003,-10.975000000000003,0.5389021474141119,0.4610978525858881,-9.23542386814725
00-0036590,Quintin Morris,TE,1.8636363636363635,11,12.847058823529412,-10.983422459893049,,,
00-0039631,Cam Grandy,TE,1.85,2,12.847058823529412,-10.997058823529413,,,
00-0036332,Josiah Deguara,TE,1.8,7,12.847058823529412,-11.047058823529412,,,
00-0038397,Evan Hull,RB,1.0666666666666667,6,12.129411764705884,-11.062745098039217,0.30991750508975513,0.6900824949102449,-10.498877543190622
00-0038938,Jalin Hyatt,WR,1.4166666666666667,6,12.479999999999999,-11.063333333333333,0.23025147750631506,0.769748522493685,-10.63230256744151
00-0039530,Brevyn Spann-Ford,TE,1.78125,16,12.847058823529412,-11.065808823529412,,,
00-0039603,British Brooks,RB,0.9750000000000001,8,12.129411764705884,-11.154411764705884,0.32992750016699873,0.6700724998330012,-10.554137789402045
00-0036630,Tylan Wallace,WR,1.3181818181818181,11,12.479999999999999,-11.16181818181818,0.16005123629573081,0.8399487637042692,-10.862202267472572
00-0034487,Trent Sherfield,WR,1.275,4,12.479999999999999,-11.204999999999998,0.1115455850751886,0.8884544149248114,-10.996186664739245
00-0036841,Austin Trammell,WR,1.2666666666666668,6,12.479999999999999,-11.213333333333331,0.17727543430275958,0.8227245656972404,-10.881473720318565
00-0038824,Ryan Miller,WR,1.2666666666666666,9,12.479999999999999,-11.213333333333331,0.2155116493778745,0.7844883506221255,-10.80989552569795
00-0035544,Tom Kennedy,WR,1.2666666666666666,6,12.479999999999999,-11.213333333333331,0.13867172696481833,0.8613282730351817,-10.953739860455192
00-0037617,Hassan Haskins,RB,0.9090909090909091,11,12.129411764705884,-11.220320855614975,0.2909949936469671,0.7090050063530329,-10.69088114070317
00-0036497,Tim Jones,WR,1.25,2,12.479999999999999,-11.229999999999999,0.2016656812450256,0.7983343187549744,-10.852481844709311
00-0040142,Kaleb Johnson,RB,0.8800000000000001,10,12.129411764705884,-11.249411764705883,0.3363225092760549,0.6636774907239451,-10.637502634593625
00-0040646,Jalen Royals,WR,1.2,2,12.479999999999999,-11.28,0.2936999826583192,0.7063000173416808,-10.730193632463626
00-0037340,Zaire Mitchell-Paden,TE,1.5666666666666667,3,12.847058823529412,-11.280392156862746,,,
00-0040644,Trevor Etienne,RB,0.8058823529411765,17,12.129411764705884,-11.323529411764707,0.3467120992711409,0.6532879007288591,-10.692717339384918
00-0036176,Mason Kinsey,WR,1.1333333333333335,6,12.479999999999999,-11.346666666666666,0.16761975501131385,0.8323802449886861,-11.032882485285487
00-0040432,Beaux Collins,WR,1.125,4,12.479999999999999,-11.354999999999999,0.30240830514136946,0.6975916948586305,-10.788891652775355
00-0037557,Ronnie Rivers,RB,0.7666666666666667,6,12.129411764705884,-11.362745098039216,0.29910935210381373,0.7008906478961863,-10.818542023887984
00-0040259,Gage Larvadain,WR,1.1076923076923078,13,12.479999999999999,-11.372307692307691,0.3065887929921818,0.6934112070078182,-10.798373471826327
00-0037258,Dameon Pierce,RB,0.72,5,12.129411764705884,-11.409411764705883,0.289541378910887,0.7104586210891131,-10.882616773546252
00-0036862,Ben Skowronek,WR,1.05625,16,12.479999999999999,-11.423749999999998,0.17840749016913376,0.8215925098308663,-11.08977117840338
00-0039589,Kameron Johnson,WR,1.0411764705882351,17,12.479999999999999,-11.438823529411764,0.263434810206624,0.736565189793376,-10.945673564704963
00-0040582,Arian Smith,WR,1.0384615384615385,13,12.479999999999999,-11.44153846153846,0.30196928951092356,0.6980307104890764,-10.876251951574012
00-0039648,David Martin-Robinson,TE,1.3636363636363635,11,12.847058823529412,-11.483422459893049,,,
00-0037292,Andrew Ogletree,TE,1.3363636363636364,11,12.847058823529412,-11.510695187165776,,,
00-0036620,Dee Eskridge,WR,0.9272727272727272,11,12.479999999999999,-11.552727272727271,0.18594897067407903,0.814051029325921,-11.204630799625395
00-0040429,Josh Williams,RB,0.55,2,12.129411764705884,-11.579411764705883,0.3358202003542359,0.6641797996457641,-10.9684165413555
00-0039650,Bryce Oliver,WR,0.9,2,12.479999999999999,-11.579999999999998,0.27824994123864694,0.721750058761353,-11.059116110001252
00-0033589,David Moore,WR,0.9,3,12.479999999999999,-11.579999999999998,0.09625716154942486,0.9037428384505751,-11.399806593579475
00-0037487,Deven Thompkins,WR,0.8857142857142859,7,12.479999999999999,-11.594285714285713,0.2140719686795822,0.7859280313204178,-11.193542988917535
00-0040208,Tahj Brooks,RB,0.5333333333333333,12,12.129411764705884,-11.59607843137255,0.3362952880525072,0.6637047119474928,-10.984218827874665
00-0038090,Skyy Moore,WR,0.8705882352941177,17,12.479999999999999,-11.60941176470588,0.223941245228081,0.776058754771919,-11.190193753638914
00-0037120,Tyler Goodson,RB,0.52,10,12.129411764705884,-11.609411764705884,0.28859418078009264,0.7114058192199073,-11.084340116968928
00-0033576,Eric Saubert,TE,1.2333333333333334,9,12.847058823529412,-11.613725490196078,,,
00-0037654,Tucker Fisk,TE,1.225,4,12.847058823529412,-11.622058823529413,,,
00-0035628,D'Ernest Johnson,RB,0.5,5,12.129411764705884,-11.629411764705884,0.2433046075756892,0.7566953924243108,-11.186740499275526
00-0037093,Dareke Young,WR,0.85,8,12.479999999999999,-11.629999999999999,0.23392553211456923,0.7660744678854308,-11.192091403881525
00-0034798,Durham Smythe,TE,1.2142857142857142,7,12.847058823529412,-11.632773109243699,,,
00-0036876,Kylen Granson,TE,1.2083333333333333,12,12.847058823529412,-11.638725490196078,,,
00-0036842,Kene Nwangwu,RB,0.49000000000000005,10,12.129411764705884,-11.639411764705883,0.2789033386709886,0.7210966613290114,-11.131971749112138
00-0038752,Jake Bobo,WR,0.8,5,12.479999999999999,-11.679999999999998,0.2496331686558203,0.7503668313441797,-11.212686708276303
00-0036187,Reggie Gilliam,RB,0.43636363636363634,11,12.129411764705884,-11.693048128342248,0.26460879397658743,0.7353912060234126,-11.21161577553661
00-0036425,DeeJay Dallas,RB,0.42000000000000004,5,12.129411764705884,-11.709411764705884,0.281093816096391,0.718906183903609,-11.197986368714037
00-0033376,Patrick Ricard,RB,0.42000000000000004,5,12.129411764705884,-11.709411764705884,0.23743438763214456,0.7625656123678555,-11.277420846502222
00-0029263,Russell Wilson,QB,9.806666666666667,6,21.520000000000003,-11.713333333333336,0.6517883482578929,0.3482116517421071,-9.609360545156857
00-0034854,KhaDarel Hodge,WR,0.7625,8,12.479999999999999,-11.7175,0.10855130960059481,0.8914486903994052,-11.514291948427687
00-0033869,Mitchell Trubisky,QB,9.78,4,21.520000000000003,-11.740000000000004,0.6816844419557299,0.31831555804427014,-9.539522621366908
00-0035876,Andre Baccellia,WR,0.7,4,12.479999999999999,-11.78,0.1469676786926459,0.8530323213073541,-11.504876505487367
00-0039062,Jonathan Mingo,WR,0.7,5,12.479999999999999,-11.78,0.23510739837500086,0.7648926016249992,-11.339878950241998
00-0039407,Dylan Laube,RB,0.33529411764705885,17,12.129411764705884,-11.794117647058824,0.31154878634003835,0.6884512136599616,-11.22728211991192
00-0037132,Britain Covey,WR,0.6666666666666666,6,12.479999999999999,-11.813333333333333,0.20360471564385993,0.79639528435614,-11.432185305648026
00-0038458,Owen Wright,RB,0.30000000000000004,2,12.129411764705884,-11.829411764705883,0.2999978762941984,0.7000021237058016,-11.283592099189438
00-0037745,Velus Jones Jr.,WR,0.64,5,12.479999999999999,-11.839999999999998,,,
00-0039021,Roschon Johnson,RB,0.2833333333333334,6,12.129411764705884,-11.84607843137255,0.332993553098573,0.667006446901427,-11.240226043293793
00-0037594,Julius Chestnut,RB,0.25,16,12.129411764705884,-11.879411764705884,0.2934313517243404,0.7065686482756597,-11.34553931124507
00-0039824,Jared Wiley,TE,0.95,2,12.847058823529412,-11.897058823529413,,,
00-0037755,Jelani Woods,TE,0.95,2,12.847058823529412,-11.897058823529413,,,
00-0034073,Ross Dwelley,TE,0.925,4,12.847058823529412,-11.922058823529412,,,
00-0040205,Kalel Mullings,RB,0.17500000000000002,4,12.129411764705884,-11.954411764705883,0.33307835288945037,0.6669216471105497,-11.34840509088996
00-0040154,Tai Felton,WR,0.4583333333333333,12,12.479999999999999,-12.021666666666665,0.3139355341548888,0.6860644658451112,-11.433979346728712
00-0038896,Jacob Saylors,RB,0.1,11,12.129411764705884,-12.029411764705884,0.3172688888258764,0.6827311111741237,-11.452169015800921
00-0038496,Xavier Gipson,WR,0.43333333333333335,6,12.479999999999999,-12.046666666666665,0.2270672191230516,0.7729327808769484,-11.621596832468313
00-0033757,Robert Tonyan,TE,0.8,2,12.847058823529412,-12.047058823529412,,,
00-0035567,Craig Reynolds,RB,0.08,5,12.129411764705884,-12.049411764705884,0.2383772451115817,0.7616227548884182,-11.615705400511693
00-0026300,Josh Johnson,QB,9.46,3,21.520000000000003,-12.060000000000002,0.6180677836779079,0.38193221632209207,-10.064877194287716
00-0039364,Sione Vaki,RB,0.05,8,12.129411764705884,-12.079411764705883,0.3249719994591619,0.6750280005408381,-11.48815388568989
00-0036232,Harrison Bryant,TE,0.74,5,12.847058823529412,-12.107058823529412,,,
00-0040509,Ben Yurosek,TE,0.7333333333333334,6,12.847058823529412,-12.113725490196078,,,
00-0036569,Gary Brightwell,RB,0.0,2,12.129411764705884,-12.129411764705884,,,
00-0039363,Isaac Guerendo,RB,0.0,7,12.129411764705884,-12.129411764705884,,,
00-0038488,Brady Russell,RB,0.0,10,12.129411764705884,-12.129411764705884,,,
00-0040649,Robbie Ouzts,RB,0.0,4,12.129411764705884,-12.129411764705884,,,
00-0034681,Chase Edmonds,RB,0.0,3,12.129411764705884,-12.129411764705884,,,
00-0035726,Jakob Johnson,RB,0.0,2,12.129411764705884,-12.129411764705884,,,
00-0036984,Trey Sermon,RB,0.0,3,12.129411764705884,-12.129411764705884,,,
00-0035594,Travis Homer,RB,-0.025,8,12.129411764705884,-12.154411764705884,0.224002920806806,0.775997079193194,-11.7468582152615
00-0038573,Derius Davis,WR,0.3181818181818182,11,12.479999999999999,-12.16181818181818,0.2286521246348445,0.7713478753651555,-11.733781404501752
00-0034367,Nyheim Hines,RB,-0.05,4,12.129411764705884,-12.179411764705884,0.21666993911376248,0.7833300608862375,-11.785199928424198
00-0038519,Nikko Remigio,WR,0.3,14,12.479999999999999,-12.179999999999998,0.28137313169630046,0.7186268683036996,-11.653269497464523
00-0035602,Alex Bachman,WR,0.29090909090909095,11,12.479999999999999,-12.189090909090908,0.1277809902719304,0.8722190097280695,-11.949884895301853
00-0036331,Devin Duvernay,WR,0.2705882352941177,17,12.479999999999999,-12.20941176470588,0.15120853288324745,0.8487914671167526,-11.926349391148442
00-0033439,Pharaoh Brown,TE,0.62,5,12.847058823529412,-12.227058823529413,,,
00-0039816,Anthony Gould,WR,0.23636363636363636,11,12.479999999999999,-12.243636363636362,0.2601151185056977,0.7398848814943023,-11.756700861793696
00-0040488,Carter Runyon,TE,0.6,3,12.847058823529412,-12.247058823529413,,,
00-0040534,Ke'Shawn Williams,WR,0.22727272727272727,11,12.479999999999999,-12.252727272727272,0.3019137655298953,0.6980862344701046,-11.687544703655307
00-0031484,Chris Manhertz,TE,0.55,4,12.847058823529412,-12.297058823529412,,,
00-0039686,Colson Yankoff,TE,0.4800000000000001,10,12.847058823529412,-12.367058823529412,,,
00-0038710,Blake Whiteheart,TE,0.37777777777777777,9,12.847058823529412,-12.469281045751634,,,
00-0039305,Jack Westover,TE,0.375,4,12.847058823529412,-12.472058823529412,,,
00-0038740,Jalen Moreno-Cropper,WR,0.0,2,12.479999999999999,-12.479999999999999,,,
00-0040506,Myles Price,WR,0.0,16,12.479999999999999,-12.479999999999999,,,
00-0040241,Dominic Lovett,WR,0.0,2,12.479999999999999,-12.479999999999999,,,
00-0040352,Coleman Owen,WR,0.0,2,12.479999999999999,-12.479999999999999,0.2845126761840231,0.7154873238159769,-11.947392270183508
00-0038492,Jason Brownlee,WR,0.0,3,12.479999999999999,-12.479999999999999,0.2183674064274701,0.7816325935725299,-12.071216215167775
00-0034928,Steven Sims,WR,0.0,3,12.479999999999999,-12.479999999999999,0.12050928629195012,0.8794907137080499,-12.254406616061468
00-0031763,DeAndre Carter,WR,0.0,4,12.479999999999999,-12.479999999999999,,,
00-0032951,Laquon Treadwell,WR,0.0,6,12.479999999999999,-12.479999999999999,,,
00-0040431,Dalen Cambre,WR,0.0,3,12.479999999999999,-12.479999999999999,,,
00-0038576,Charlie Jones,WR,0.0,14,12.479999999999999,-12.479999999999999,0.21792421254679598,0.782075787453204,-12.072045874112396
00-0036646,Simi Fehoko,WR,0.0,7,12.479999999999999,-12.479999999999999,,,
00-0033572,Jamal Agnew,WR,0.0,11,12.479999999999999,-12.479999999999999,,,
00-0035140,Mecole Hardman,WR,0.0,2,12.479999999999999,-12.479999999999999,0.12030393164709619,0.8796960683529038,-12.254791039956634
00-0034054,River Cracraft,WR,0.0,2,12.479999999999999,-12.479999999999999,,,
00-0034867,Malik Turner,WR,0.0,2,12.479999999999999,-12.479999999999999,0.10292047823472686,0.8970795217652732,-12.28733286474459
00-0040075,LaJohntay Wester,WR,0.0,14,12.479999999999999,-12.479999999999999,,,
00-0039050,Payne Durham,TE,0.325,8,12.847058823529412,-12.522058823529413,,,
00-0035993,Tyler Huntley,QB,8.828,5,21.520000000000003,-12.692000000000004,0.693619661102828,0.306380338897172,-10.452995733960075
00-0036825,Feleipe Franks,TE,0.04,10,12.847058823529412,-12.807058823529413,,,
00-0038590,Justin Shorter,TE,0.0,3,12.847058823529412,-12.847058823529412,,,
00-0038643,Brayden Willis,TE,0.0,6,12.847058823529412,-12.847058823529412,,,
00-0035956,Giovanni Ricci,TE,0.0,2,12.847058823529412,-12.847058823529412,,,
00-0037031,Nikola Kalinic,TE,0.0,2,12.847058823529412,-12.847058823529412,,,
00-0038564,Cameron Latu,TE,0.0,10,12.847058823529412,-12.847058823529412,,,
00-0037311,Ko Kieft,TE,0.0,2,12.847058823529412,-12.847058823529412,,,
00-0037277,Teagan Quitoriano,TE,0.0,2,12.847058823529412,-12.847058823529412,,,
00-0040058,Nick Kallerup,TE,0.0,4,12.847058823529412,-12.847058823529412,,,
00-0040704,Dillon Gabriel,QB,8.608,10,21.520000000000003,-12.912000000000003,0.6619124933045196,0.3380875066954804,-10.775346471613013
00-0040398,Brady Cook,QB,7.892,5,21.520000000000003,-13.628000000000004,0.5218754210503105,0.4781245789496895,-11.9433861408496
00-0040206,Riley Leonard,QB,7.6,5,21.520000000000003,-13.920000000000003,0.7300673463481141,0.2699326536518859,-11.563342605988291
00-0037324,Chris Oladokun,QB,4.4,3,21.520000000000003,-17.120000000000005,0.6594023266303052,0.3405976733696948,-14.99144928963738
00-0034771,Mason Rudolph,QB,4.2,5,21.520000000000003,-17.320000000000004,0.8072645392806173,0.19273546071938275,-14.714150067202171
00-0038400,Tanner McKee,QB,4.19,4,21.520000000000003,-17.330000000000002,0.845518235874423,0.15448176412557701,-14.600667134597364
00-0037012,Trey Lance,QB,3.635,4,21.520000000000003,-17.885000000000005,0.8546931825046361,0.1453068174953639,-15.12605040687504
00-0039398,Joe Milton III,QB,3.58,4,21.520000000000003,-17.940000000000005,0.8878506125226884,0.11214938747731162,-15.074018222776767
00-0027973,Andy Dalton,QB,3.13,4,21.520000000000003,-18.390000000000004,0.8044961883073699,0.1955038116926301,-15.793086304143813
00-0038102,Kenny Pickett,QB,1.9533333333333331,6,21.520000000000003,-19.56666666666667,0.867672373547166,0.13232762645283402,-16.765820244856418
00-0038582,Clayton Tune,QB,1.4900000000000002,2,21.520000000000003,-20.03,0.8017909017759858,0.19820909822401422,-17.441818969067118
00-0033662,Cooper Rush,QB,1.43,4,21.520000000000003,-20.090000000000003,0.8207264233801627,0.17927357661983734,-17.44069510532884
00-0038416,Tyson Bagent,QB,1.29,2,21.520000000000003,-20.230000000000004,0.9423003355749714,0.05769966442502861,-17.188254516763998
00-0040494,Max Brosmer,QB,1.1742857142857144,7,21.520000000000003,-20.345714285714287,0.8570507424869321,0.14294925751306786,-17.57915448896647
00-0039164,Anthony Richardson,QB,1.0799999999999998,2,21.520000000000003,-20.440000000000005,0.9219502725579112,0.07804972744208882,-17.463944520183066
00-0031237,Teddy Bridgewater,QB,0.96,3,21.520000000000003,-20.560000000000002,0.902849500045868,0.09715049995413205,-17.64560181385194
00-0033949,Joshua Dobbs,QB,0.525,4,21.520000000000003,-20.995000000000005,0.9058217615984809,0.09417823840151907,-18.07100735356011
00-0037013,Zach Wilson,QB,0.34500000000000003,4,21.520000000000003,-21.175000000000004,0.9166071545904206,0.08339284540957936,-18.216192104982127
00-0035289,Gardner Minshew,QB,0.16999999999999996,4,21.520000000000003,-21.35,0.903274387651937,0.09672561234806298,-18.434230276659548
00-0035704,Drew Lock,QB,0.033333333333333326,3,21.520000000000003,-21.486666666666668,0.9157099139517341,0.08429008604826593,-18.53075506443047
00-0033319,Nick Mullens,QB,-0.010000000000000009,4,21.520000000000003,-21.530000000000005,0.91825456364131,0.08174543635869003,-18.565874268565857
00-0039577,Kedon Slovis,QB,-0.04,2,21.520000000000003,-21.560000000000002,0.9265229948384738,0.07347700516152622,-18.569183772661408
00-0034577,Kyle Allen,QB,-0.15000000000000002,2,21.520000000000003,-21.67,0.90975118728033,0.09024881271967,-18.733323167459098
00-0031345,Jimmy Garoppolo,QB,-0.3333333333333333,3,21.520000000000003,-21.853333333333335,,,
00-0040673,Jalen Milroe,QB,-0.5333333333333333,3,21.520000000000003,-22.053333333333338,,,
